gen,attempt_add,exec_add,attempt_del,exec_del,attempt_mod,exec_mod,attempt_mode,exec_mode,attempt_total,exec_total,attempt_share_add,attempt_share_del,attempt_share_mod,attempt_share_mode,exec_share_add,exec_share_del,exec_share_mod,exec_share_mode,success_rate,success_add,success_del,success_mod,success_mode
0,5,3,3,3,9,5,4,0,21,11,0.23809523809523808,0.14285714285714285,0.42857142857142855,0.19047619047619047,0.2727272727272727,0.2727272727272727,0.45454545454545453,0.0,0.5238095238095238,0.6,1.0,0.5555555555555556,0.0
1,2,2,0,0,7,0,7,0,16,2,0.125,0.0,0.4375,0.4375,1.0,0.0,0.0,0.0,0.125,1.0,0.0,0.0,0.0
2,10,10,3,3,7,2,5,0,25,15,0.4,0.12,0.28,0.2,0.6666666666666666,0.2,0.13333333333333333,0.0,0.6,1.0,1.0,0.2857142857142857,0.0
3,3,2,2,2,11,4,3,0,19,8,0.15789473684210525,0.10526315789473684,0.5789473684210527,0.15789473684210525,0.25,0.25,0.5,0.0,0.42105263157894735,0.6666666666666666,1.0,0.36363636363636365,0.0
4,2,2,2,2,6,1,1,0,11,5,0.18181818181818182,0.18181818181818182,0.5454545454545454,0.09090909090909091,0.4,0.4,0.2,0.0,0.45454545454545453,1.0,1.0,0.16666666666666666,0.0
5,4,4,0,0,7,1,3,0,14,5,0.2857142857142857,0.0,0.5,0.21428571428571427,0.8,0.0,0.2,0.0,0.35714285714285715,1.0,0.0,0.14285714285714285,0.0
6,7,7,2,2,7,2,4,0,20,11,0.35,0.1,0.35,0.2,0.6363636363636364,0.18181818181818182,0.18181818181818182,0.0,0.55,1.0,1.0,0.2857142857142857,0.0
7,5,5,0,0,6,2,2,0,13,7,0.38461538461538464,0.0,0.46153846153846156,0.15384615384615385,0.7142857142857143,0.0,0.2857142857142857,0.0,0.5384615384615384,1.0,0.0,0.3333333333333333,0.0
8,8,7,1,1,8,2,5,0,22,10,0.36363636363636365,0.045454545454545456,0.36363636363636365,0.22727272727272727,0.7,0.1,0.2,0.0,0.45454545454545453,0.875,1.0,0.25,0.0
9,3,2,2,2,13,3,3,0,21,7,0.14285714285714285,0.09523809523809523,0.6190476190476191,0.14285714285714285,0.2857142857142857,0.2857142857142857,0.42857142857142855,0.0,0.3333333333333333,0.6666666666666666,1.0,0.23076923076923078,0.0
10,5,4,0,0,7,2,7,0,19,6,0.2631578947368421,0.0,0.3684210526315789,0.3684210526315789,0.6666666666666666,0.0,0.3333333333333333,0.0,0.3157894736842105,0.8,0.0,0.2857142857142857,0.0
11,4,4,1,1,9,2,1,0,15,7,0.26666666666666666,0.06666666666666667,0.6,0.06666666666666667,0.5714285714285714,0.14285714285714285,0.2857142857142857,0.0,0.4666666666666667,1.0,1.0,0.2222222222222222,0.0
12,4,3,1,1,9,1,6,0,20,5,0.2,0.05,0.45,0.3,0.6,0.2,0.2,0.0,0.25,0.75,1.0,0.1111111111111111,0.0
13,7,7,1,1,9,0,7,0,24,8,0.2916666666666667,0.041666666666666664,0.375,0.2916666666666667,0.875,0.125,0.0,0.0,0.3333333333333333,1.0,1.0,0.0,0.0
14,6,5,0,0,5,2,5,0,16,7,0.375,0.0,0.3125,0.3125,0.7142857142857143,0.0,0.2857142857142857,0.0,0.4375,0.8333333333333334,0.0,0.4,0.0
15,5,5,3,3,13,4,4,0,25,12,0.2,0.12,0.52,0.16,0.4166666666666667,0.25,0.3333333333333333,0.0,0.48,1.0,1.0,0.3076923076923077,0.0
16,5,4,2,2,12,4,1,0,20,10,0.25,0.1,0.6,0.05,0.4,0.2,0.4,0.0,0.5,0.8,1.0,0.3333333333333333,0.0
17,4,3,2,2,8,3,2,0,16,8,0.25,0.125,0.5,0.125,0.375,0.25,0.375,0.0,0.5,0.75,1.0,0.375,0.0
18,4,3,0,0,11,5,4,0,19,8,0.21052631578947367,0.0,0.5789473684210527,0.21052631578947367,0.375,0.0,0.625,0.0,0.42105263157894735,0.75,0.0,0.45454545454545453,0.0
19,2,2,1,1,5,1,3,0,11,4,0.18181818181818182,0.09090909090909091,0.45454545454545453,0.2727272727272727,0.5,0.25,0.25,0.0,0.36363636363636365,1.0,1.0,0.2,0.0
20,3,3,2,2,8,2,3,0,16,7,0.1875,0.125,0.5,0.1875,0.42857142857142855,0.2857142857142857,0.2857142857142857,0.0,0.4375,1.0,1.0,0.25,0.0
21,4,3,2,2,9,3,4,0,19,8,0.21052631578947367,0.10526315789473684,0.47368421052631576,0.21052631578947367,0.375,0.25,0.375,0.0,0.42105263157894735,0.75,1.0,0.3333333333333333,0.0
22,6,4,1,1,11,6,1,0,19,11,0.3157894736842105,0.05263157894736842,0.5789473684210527,0.05263157894736842,0.36363636363636365,0.09090909090909091,0.5454545454545454,0.0,0.5789473684210527,0.6666666666666666,1.0,0.5454545454545454,0.0
23,4,4,1,1,5,1,3,0,13,6,0.3076923076923077,0.07692307692307693,0.38461538461538464,0.23076923076923078,0.6666666666666666,0.16666666666666666,0.16666666666666666,0.0,0.46153846153846156,1.0,1.0,0.2,0.0
24,4,3,0,0,6,2,7,0,17,5,0.23529411764705882,0.0,0.35294117647058826,0.4117647058823529,0.6,0.0,0.4,0.0,0.29411764705882354,0.75,0.0,0.3333333333333333,0.0
25,4,3,2,2,7,2,7,0,20,7,0.2,0.1,0.35,0.35,0.42857142857142855,0.2857142857142857,0.2857142857142857,0.0,0.35,0.75,1.0,0.2857142857142857,0.0
26,4,4,2,2,9,3,6,0,21,9,0.19047619047619047,0.09523809523809523,0.42857142857142855,0.2857142857142857,0.4444444444444444,0.2222222222222222,0.3333333333333333,0.0,0.42857142857142855,1.0,1.0,0.3333333333333333,0.0
27,9,8,1,1,6,1,4,0,20,10,0.45,0.05,0.3,0.2,0.8,0.1,0.1,0.0,0.5,0.8888888888888888,1.0,0.16666666666666666,0.0
28,6,4,1,1,12,4,4,0,23,9,0.2608695652173913,0.043478260869565216,0.5217391304347826,0.17391304347826086,0.4444444444444444,0.1111111111111111,0.4444444444444444,0.0,0.391304347826087,0.6666666666666666,1.0,0.3333333333333333,0.0
29,6,4,1,1,7,2,4,0,18,7,0.3333333333333333,0.05555555555555555,0.3888888888888889,0.2222222222222222,0.5714285714285714,0.14285714285714285,0.2857142857142857,0.0,0.3888888888888889,0.6666666666666666,1.0,0.2857142857142857,0.0
30,8,6,1,1,7,1,7,0,23,8,0.34782608695652173,0.043478260869565216,0.30434782608695654,0.30434782608695654,0.75,0.125,0.125,0.0,0.34782608695652173,0.75,1.0,0.14285714285714285,0.0
31,5,5,1,1,4,2,4,0,14,8,0.35714285714285715,0.07142857142857142,0.2857142857142857,0.2857142857142857,0.625,0.125,0.25,0.0,0.5714285714285714,1.0,1.0,0.5,0.0
32,4,3,2,2,5,2,5,0,16,7,0.25,0.125,0.3125,0.3125,0.42857142857142855,0.2857142857142857,0.2857142857142857,0.0,0.4375,0.75,1.0,0.4,0.0
33,4,4,2,2,6,3,6,0,18,9,0.2222222222222222,0.1111111111111111,0.3333333333333333,0.3333333333333333,0.4444444444444444,0.2222222222222222,0.3333333333333333,0.0,0.5,1.0,1.0,0.5,0.0
34,4,3,0,0,14,5,3,0,21,8,0.19047619047619047,0.0,0.6666666666666666,0.14285714285714285,0.375,0.0,0.625,0.0,0.38095238095238093,0.75,0.0,0.35714285714285715,0.0
35,8,7,2,2,8,4,4,0,22,13,0.36363636363636365,0.09090909090909091,0.36363636363636365,0.18181818181818182,0.5384615384615384,0.15384615384615385,0.3076923076923077,0.0,0.5909090909090909,0.875,1.0,0.5,0.0
36,5,4,1,1,8,2,3,0,17,7,0.29411764705882354,0.058823529411764705,0.47058823529411764,0.17647058823529413,0.5714285714285714,0.14285714285714285,0.2857142857142857,0.0,0.4117647058823529,0.8,1.0,0.25,0.0
37,3,3,0,0,10,2,2,0,15,5,0.2,0.0,0.6666666666666666,0.13333333333333333,0.6,0.0,0.4,0.0,0.3333333333333333,1.0,0.0,0.2,0.0
38,5,4,1,1,3,1,3,0,12,6,0.4166666666666667,0.08333333333333333,0.25,0.25,0.6666666666666666,0.16666666666666666,0.16666666666666666,0.0,0.5,0.8,1.0,0.3333333333333333,0.0
39,7,7,2,2,4,2,4,0,17,11,0.4117647058823529,0.11764705882352941,0.23529411764705882,0.23529411764705882,0.6363636363636364,0.18181818181818182,0.18181818181818182,0.0,0.6470588235294118,1.0,1.0,0.5,0.0
40,6,5,2,2,7,1,3,0,18,8,0.3333333333333333,0.1111111111111111,0.3888888888888889,0.16666666666666666,0.625,0.25,0.125,0.0,0.4444444444444444,0.8333333333333334,1.0,0.14285714285714285,0.0
41,7,6,2,2,6,1,5,0,20,9,0.35,0.1,0.3,0.25,0.6666666666666666,0.2222222222222222,0.1111111111111111,0.0,0.45,0.8571428571428571,1.0,0.16666666666666666,0.0
42,5,5,2,2,11,4,3,0,21,11,0.23809523809523808,0.09523809523809523,0.5238095238095238,0.14285714285714285,0.45454545454545453,0.18181818181818182,0.36363636363636365,0.0,0.5238095238095238,1.0,1.0,0.36363636363636365,0.0
43,2,1,1,1,8,3,7,0,18,5,0.1111111111111111,0.05555555555555555,0.4444444444444444,0.3888888888888889,0.2,0.2,0.6,0.0,0.2777777777777778,0.5,1.0,0.375,0.0
44,4,2,1,1,6,1,8,0,19,4,0.21052631578947367,0.05263157894736842,0.3157894736842105,0.42105263157894735,0.5,0.25,0.25,0.0,0.21052631578947367,0.5,1.0,0.16666666666666666,0.0
45,5,4,0,0,11,4,5,0,21,8,0.23809523809523808,0.0,0.5238095238095238,0.23809523809523808,0.5,0.0,0.5,0.0,0.38095238095238093,0.8,0.0,0.36363636363636365,0.0
46,4,4,2,2,6,1,2,0,14,7,0.2857142857142857,0.14285714285714285,0.42857142857142855,0.14285714285714285,0.5714285714285714,0.2857142857142857,0.14285714285714285,0.0,0.5,1.0,1.0,0.16666666666666666,0.0
47,4,3,0,0,8,1,3,0,15,4,0.26666666666666666,0.0,0.5333333333333333,0.2,0.75,0.0,0.25,0.0,0.26666666666666666,0.75,0.0,0.125,0.0
48,5,3,0,0,11,2,8,0,24,5,0.20833333333333334,0.0,0.4583333333333333,0.3333333333333333,0.6,0.0,0.4,0.0,0.20833333333333334,0.6,0.0,0.18181818181818182,0.0
49,4,4,3,3,6,2,5,0,18,9,0.2222222222222222,0.16666666666666666,0.3333333333333333,0.2777777777777778,0.4444444444444444,0.3333333333333333,0.2222222222222222,0.0,0.5,1.0,1.0,0.3333333333333333,0.0
50,5,4,1,1,6,1,3,0,15,6,0.3333333333333333,0.06666666666666667,0.4,0.2,0.6666666666666666,0.16666666666666666,0.16666666666666666,0.0,0.4,0.8,1.0,0.16666666666666666,0.0
51,3,3,1,1,11,5,6,0,21,9,0.14285714285714285,0.047619047619047616,0.5238095238095238,0.2857142857142857,0.3333333333333333,0.1111111111111111,0.5555555555555556,0.0,0.42857142857142855,1.0,1.0,0.45454545454545453,0.0
52,4,4,2,2,9,5,5,0,20,11,0.2,0.1,0.45,0.25,0.36363636363636365,0.18181818181818182,0.45454545454545453,0.0,0.55,1.0,1.0,0.5555555555555556,0.0
53,5,4,1,1,10,4,4,0,20,9,0.25,0.05,0.5,0.2,0.4444444444444444,0.1111111111111111,0.4444444444444444,0.0,0.45,0.8,1.0,0.4,0.0
54,9,8,2,2,7,2,5,0,23,12,0.391304347826087,0.08695652173913043,0.30434782608695654,0.21739130434782608,0.6666666666666666,0.16666666666666666,0.16666666666666666,0.0,0.5217391304347826,0.8888888888888888,1.0,0.2857142857142857,0.0
55,6,5,3,3,6,4,3,0,18,12,0.3333333333333333,0.16666666666666666,0.3333333333333333,0.16666666666666666,0.4166666666666667,0.25,0.3333333333333333,0.0,0.6666666666666666,0.8333333333333334,1.0,0.6666666666666666,0.0
56,2,1,2,2,12,4,4,0,20,7,0.1,0.1,0.6,0.2,0.14285714285714285,0.2857142857142857,0.5714285714285714,0.0,0.35,0.5,1.0,0.3333333333333333,0.0
57,6,6,0,0,7,2,4,0,17,8,0.35294117647058826,0.0,0.4117647058823529,0.23529411764705882,0.75,0.0,0.25,0.0,0.47058823529411764,1.0,0.0,0.2857142857142857,0.0
58,6,4,1,1,6,2,6,0,19,7,0.3157894736842105,0.05263157894736842,0.3157894736842105,0.3157894736842105,0.5714285714285714,0.14285714285714285,0.2857142857142857,0.0,0.3684210526315789,0.6666666666666666,1.0,0.3333333333333333,0.0
59,9,8,1,1,2,0,4,0,16,9,0.5625,0.0625,0.125,0.25,0.8888888888888888,0.1111111111111111,0.0,0.0,0.5625,0.8888888888888888,1.0,0.0,0.0
60,5,4,0,0,12,3,2,0,19,7,0.2631578947368421,0.0,0.631578947368421,0.10526315789473684,0.5714285714285714,0.0,0.42857142857142855,0.0,0.3684210526315789,0.8,0.0,0.25,0.0
61,8,7,0,0,9,2,2,0,19,9,0.42105263157894735,0.0,0.47368421052631576,0.10526315789473684,0.7777777777777778,0.0,0.2222222222222222,0.0,0.47368421052631576,0.875,0.0,0.2222222222222222,0.0
62,10,10,2,2,8,4,4,0,24,16,0.4166666666666667,0.08333333333333333,0.3333333333333333,0.16666666666666666,0.625,0.125,0.25,0.0,0.6666666666666666,1.0,1.0,0.5,0.0
63,3,3,2,2,6,1,5,0,16,6,0.1875,0.125,0.375,0.3125,0.5,0.3333333333333333,0.16666666666666666,0.0,0.375,1.0,1.0,0.16666666666666666,0.0
64,4,2,2,2,10,3,4,0,20,7,0.2,0.1,0.5,0.2,0.2857142857142857,0.2857142857142857,0.42857142857142855,0.0,0.35,0.5,1.0,0.3,0.0
65,5,5,0,0,7,1,7,0,19,6,0.2631578947368421,0.0,0.3684210526315789,0.3684210526315789,0.8333333333333334,0.0,0.16666666666666666,0.0,0.3157894736842105,1.0,0.0,0.14285714285714285,0.0
66,5,4,1,1,6,2,6,0,18,7,0.2777777777777778,0.05555555555555555,0.3333333333333333,0.3333333333333333,0.5714285714285714,0.14285714285714285,0.2857142857142857,0.0,0.3888888888888889,0.8,1.0,0.3333333333333333,0.0
67,4,3,1,1,8,3,8,0,21,7,0.19047619047619047,0.047619047619047616,0.38095238095238093,0.38095238095238093,0.42857142857142855,0.14285714285714285,0.42857142857142855,0.0,0.3333333333333333,0.75,1.0,0.375,0.0
68,5,4,2,2,6,1,3,0,16,7,0.3125,0.125,0.375,0.1875,0.5714285714285714,0.2857142857142857,0.14285714285714285,0.0,0.4375,0.8,1.0,0.16666666666666666,0.0
69,3,3,3,3,5,0,11,0,22,6,0.13636363636363635,0.13636363636363635,0.22727272727272727,0.5,0.5,0.5,0.0,0.0,0.2727272727272727,1.0,1.0,0.0,0.0
70,4,4,1,1,13,3,5,0,23,8,0.17391304347826086,0.043478260869565216,0.5652173913043478,0.21739130434782608,0.5,0.125,0.375,0.0,0.34782608695652173,1.0,1.0,0.23076923076923078,0.0
71,6,6,1,1,6,0,5,0,18,7,0.3333333333333333,0.05555555555555555,0.3333333333333333,0.2777777777777778,0.8571428571428571,0.14285714285714285,0.0,0.0,0.3888888888888889,1.0,1.0,0.0,0.0
72,6,6,1,1,8,5,2,0,17,12,0.35294117647058826,0.058823529411764705,0.47058823529411764,0.11764705882352941,0.5,0.08333333333333333,0.4166666666666667,0.0,0.7058823529411765,1.0,1.0,0.625,0.0
73,7,6,0,0,8,2,6,0,21,8,0.3333333333333333,0.0,0.38095238095238093,0.2857142857142857,0.75,0.0,0.25,0.0,0.38095238095238093,0.8571428571428571,0.0,0.25,0.0
74,6,5,0,0,7,3,5,0,18,8,0.3333333333333333,0.0,0.3888888888888889,0.2777777777777778,0.625,0.0,0.375,0.0,0.4444444444444444,0.8333333333333334,0.0,0.42857142857142855,0.0
75,5,4,0,0,7,4,4,0,16,8,0.3125,0.0,0.4375,0.25,0.5,0.0,0.5,0.0,0.5,0.8,0.0,0.5714285714285714,0.0
76,12,11,2,2,4,2,2,0,20,15,0.6,0.1,0.2,0.1,0.7333333333333333,0.13333333333333333,0.13333333333333333,0.0,0.75,0.9166666666666666,1.0,0.5,0.0
77,3,2,2,2,4,1,3,0,12,5,0.25,0.16666666666666666,0.3333333333333333,0.25,0.4,0.4,0.2,0.0,0.4166666666666667,0.6666666666666666,1.0,0.25,0.0
78,4,2,1,1,9,1,4,0,18,4,0.2222222222222222,0.05555555555555555,0.5,0.2222222222222222,0.5,0.25,0.25,0.0,0.2222222222222222,0.5,1.0,0.1111111111111111,0.0
79,5,4,2,2,10,4,6,0,23,10,0.21739130434782608,0.08695652173913043,0.43478260869565216,0.2608695652173913,0.4,0.2,0.4,0.0,0.43478260869565216,0.8,1.0,0.4,0.0
80,4,4,2,2,8,2,5,0,19,8,0.21052631578947367,0.10526315789473684,0.42105263157894735,0.2631578947368421,0.5,0.25,0.25,0.0,0.42105263157894735,1.0,1.0,0.25,0.0
81,4,4,1,1,11,4,2,0,18,9,0.2222222222222222,0.05555555555555555,0.6111111111111112,0.1111111111111111,0.4444444444444444,0.1111111111111111,0.4444444444444444,0.0,0.5,1.0,1.0,0.36363636363636365,0.0
82,5,5,1,1,6,1,2,0,14,7,0.35714285714285715,0.07142857142857142,0.42857142857142855,0.14285714285714285,0.7142857142857143,0.14285714285714285,0.14285714285714285,0.0,0.5,1.0,1.0,0.16666666666666666,0.0
83,9,9,1,1,5,2,4,0,19,12,0.47368421052631576,0.05263157894736842,0.2631578947368421,0.21052631578947367,0.75,0.08333333333333333,0.16666666666666666,0.0,0.631578947368421,1.0,1.0,0.4,0.0
84,3,3,1,1,10,4,5,0,19,8,0.15789473684210525,0.05263157894736842,0.5263157894736842,0.2631578947368421,0.375,0.125,0.5,0.0,0.42105263157894735,1.0,1.0,0.4,0.0
85,2,2,1,1,10,3,3,0,16,6,0.125,0.0625,0.625,0.1875,0.3333333333333333,0.16666666666666666,0.5,0.0,0.375,1.0,1.0,0.3,0.0
86,8,8,2,2,4,1,1,0,15,11,0.5333333333333333,0.13333333333333333,0.26666666666666666,0.06666666666666667,0.7272727272727273,0.18181818181818182,0.09090909090909091,0.0,0.7333333333333333,1.0,1.0,0.25,0.0
87,5,4,1,1,10,2,8,0,24,7,0.20833333333333334,0.041666666666666664,0.4166666666666667,0.3333333333333333,0.5714285714285714,0.14285714285714285,0.2857142857142857,0.0,0.2916666666666667,0.8,1.0,0.2,0.0
88,7,6,2,2,10,4,6,0,25,12,0.28,0.08,0.4,0.24,0.5,0.16666666666666666,0.3333333333333333,0.0,0.48,0.8571428571428571,1.0,0.4,0.0
89,3,3,1,1,5,1,8,0,17,5,0.17647058823529413,0.058823529411764705,0.29411764705882354,0.47058823529411764,0.6,0.2,0.2,0.0,0.29411764705882354,1.0,1.0,0.2,0.0
90,3,2,1,1,1,0,5,0,10,3,0.3,0.1,0.1,0.5,0.6666666666666666,0.3333333333333333,0.0,0.0,0.3,0.6666666666666666,1.0,0.0,0.0
91,3,3,2,2,13,2,3,0,21,7,0.14285714285714285,0.09523809523809523,0.6190476190476191,0.14285714285714285,0.42857142857142855,0.2857142857142857,0.2857142857142857,0.0,0.3333333333333333,1.0,1.0,0.15384615384615385,0.0
92,9,8,0,0,7,1,4,0,20,9,0.45,0.0,0.35,0.2,0.8888888888888888,0.0,0.1111111111111111,0.0,0.45,0.8888888888888888,0.0,0.14285714285714285,0.0
93,8,8,0,0,5,2,6,0,19,10,0.42105263157894735,0.0,0.2631578947368421,0.3157894736842105,0.8,0.0,0.2,0.0,0.5263157894736842,1.0,0.0,0.4,0.0
94,7,6,4,4,8,3,2,0,21,13,0.3333333333333333,0.19047619047619047,0.38095238095238093,0.09523809523809523,0.46153846153846156,0.3076923076923077,0.23076923076923078,0.0,0.6190476190476191,0.8571428571428571,1.0,0.375,0.0
95,7,6,1,1,5,3,6,0,19,10,0.3684210526315789,0.05263157894736842,0.2631578947368421,0.3157894736842105,0.6,0.1,0.3,0.0,0.5263157894736842,0.8571428571428571,1.0,0.6,0.0
96,8,7,1,1,11,2,5,0,25,10,0.32,0.04,0.44,0.2,0.7,0.1,0.2,0.0,0.4,0.875,1.0,0.18181818181818182,0.0
97,6,6,1,1,12,5,3,0,22,12,0.2727272727272727,0.045454545454545456,0.5454545454545454,0.13636363636363635,0.5,0.08333333333333333,0.4166666666666667,0.0,0.5454545454545454,1.0,1.0,0.4166666666666667,0.0
98,5,5,1,1,9,3,3,0,18,9,0.2777777777777778,0.05555555555555555,0.5,0.16666666666666666,0.5555555555555556,0.1111111111111111,0.3333333333333333,0.0,0.5,1.0,1.0,0.3333333333333333,0.0
99,3,3,2,2,6,2,6,0,17,7,0.17647058823529413,0.11764705882352941,0.35294117647058826,0.35294117647058826,0.42857142857142855,0.2857142857142857,0.2857142857142857,0.0,0.4117647058823529,1.0,1.0,0.3333333333333333,0.0
100,2,2,1,1,10,2,6,0,19,5,0.10526315789473684,0.05263157894736842,0.5263157894736842,0.3157894736842105,0.4,0.2,0.4,0.0,0.2631578947368421,1.0,1.0,0.2,0.0
101,5,3,2,2,6,2,4,0,17,7,0.29411764705882354,0.11764705882352941,0.35294117647058826,0.23529411764705882,0.42857142857142855,0.2857142857142857,0.2857142857142857,0.0,0.4117647058823529,0.6,1.0,0.3333333333333333,0.0
102,5,5,2,2,4,2,9,0,20,9,0.25,0.1,0.2,0.45,0.5555555555555556,0.2222222222222222,0.2222222222222222,0.0,0.45,1.0,1.0,0.5,0.0
103,5,4,0,0,7,0,9,0,21,4,0.23809523809523808,0.0,0.3333333333333333,0.42857142857142855,1.0,0.0,0.0,0.0,0.19047619047619047,0.8,0.0,0.0,0.0
104,8,8,0,0,4,1,5,0,17,9,0.47058823529411764,0.0,0.23529411764705882,0.29411764705882354,0.8888888888888888,0.0,0.1111111111111111,0.0,0.5294117647058824,1.0,0.0,0.25,0.0
105,6,4,0,0,6,2,2,0,14,6,0.42857142857142855,0.0,0.42857142857142855,0.14285714285714285,0.6666666666666666,0.0,0.3333333333333333,0.0,0.42857142857142855,0.6666666666666666,0.0,0.3333333333333333,0.0
106,3,3,4,4,11,3,4,0,22,10,0.13636363636363635,0.18181818181818182,0.5,0.18181818181818182,0.3,0.4,0.3,0.0,0.45454545454545453,1.0,1.0,0.2727272727272727,0.0
107,10,9,1,1,5,1,3,0,19,11,0.5263157894736842,0.05263157894736842,0.2631578947368421,0.15789473684210525,0.8181818181818182,0.09090909090909091,0.09090909090909091,0.0,0.5789473684210527,0.9,1.0,0.2,0.0
108,2,1,2,2,8,4,5,0,17,7,0.11764705882352941,0.11764705882352941,0.47058823529411764,0.29411764705882354,0.14285714285714285,0.2857142857142857,0.5714285714285714,0.0,0.4117647058823529,0.5,1.0,0.5,0.0
109,3,3,2,2,6,1,3,0,14,6,0.21428571428571427,0.14285714285714285,0.42857142857142855,0.21428571428571427,0.5,0.3333333333333333,0.16666666666666666,0.0,0.42857142857142855,1.0,1.0,0.16666666666666666,0.0
110,5,4,2,2,9,3,3,0,19,9,0.2631578947368421,0.10526315789473684,0.47368421052631576,0.15789473684210525,0.4444444444444444,0.2222222222222222,0.3333333333333333,0.0,0.47368421052631576,0.8,1.0,0.3333333333333333,0.0
111,6,6,1,1,8,2,6,0,21,9,0.2857142857142857,0.047619047619047616,0.38095238095238093,0.2857142857142857,0.6666666666666666,0.1111111111111111,0.2222222222222222,0.0,0.42857142857142855,1.0,1.0,0.25,0.0
112,4,2,0,0,14,6,4,0,22,8,0.18181818181818182,0.0,0.6363636363636364,0.18181818181818182,0.25,0.0,0.75,0.0,0.36363636363636365,0.5,0.0,0.42857142857142855,0.0
113,6,5,2,2,2,1,7,0,17,8,0.35294117647058826,0.11764705882352941,0.11764705882352941,0.4117647058823529,0.625,0.25,0.125,0.0,0.47058823529411764,0.8333333333333334,1.0,0.5,0.0
114,4,3,1,1,9,5,5,0,19,9,0.21052631578947367,0.05263157894736842,0.47368421052631576,0.2631578947368421,0.3333333333333333,0.1111111111111111,0.5555555555555556,0.0,0.47368421052631576,0.75,1.0,0.5555555555555556,0.0
115,5,4,1,1,3,0,4,0,13,5,0.38461538461538464,0.07692307692307693,0.23076923076923078,0.3076923076923077,0.8,0.2,0.0,0.0,0.38461538461538464,0.8,1.0,0.0,0.0
116,5,4,1,1,6,1,3,0,15,6,0.3333333333333333,0.06666666666666667,0.4,0.2,0.6666666666666666,0.16666666666666666,0.16666666666666666,0.0,0.4,0.8,1.0,0.16666666666666666,0.0
117,7,6,1,1,18,9,3,0,29,16,0.2413793103448276,0.034482758620689655,0.6206896551724138,0.10344827586206896,0.375,0.0625,0.5625,0.0,0.5517241379310345,0.8571428571428571,1.0,0.5,0.0
118,4,4,0,0,5,0,3,0,12,4,0.3333333333333333,0.0,0.4166666666666667,0.25,1.0,0.0,0.0,0.0,0.3333333333333333,1.0,0.0,0.0,0.0
119,7,7,4,4,5,2,3,0,19,13,0.3684210526315789,0.21052631578947367,0.2631578947368421,0.15789473684210525,0.5384615384615384,0.3076923076923077,0.15384615384615385,0.0,0.6842105263157895,1.0,1.0,0.4,0.0
120,6,6,1,1,6,1,1,0,14,8,0.42857142857142855,0.07142857142857142,0.42857142857142855,0.07142857142857142,0.75,0.125,0.125,0.0,0.5714285714285714,1.0,1.0,0.16666666666666666,0.0
121,11,10,4,4,5,1,5,0,25,15,0.44,0.16,0.2,0.2,0.6666666666666666,0.26666666666666666,0.06666666666666667,0.0,0.6,0.9090909090909091,1.0,0.2,0.0
122,8,8,1,1,6,1,5,0,20,10,0.4,0.05,0.3,0.25,0.8,0.1,0.1,0.0,0.5,1.0,1.0,0.16666666666666666,0.0
123,1,1,0,0,8,3,4,0,13,4,0.07692307692307693,0.0,0.6153846153846154,0.3076923076923077,0.25,0.0,0.75,0.0,0.3076923076923077,1.0,0.0,0.375,0.0
124,8,6,0,0,5,2,2,0,15,8,0.5333333333333333,0.0,0.3333333333333333,0.13333333333333333,0.75,0.0,0.25,0.0,0.5333333333333333,0.75,0.0,0.4,0.0
125,2,1,1,1,12,5,3,0,18,7,0.1111111111111111,0.05555555555555555,0.6666666666666666,0.16666666666666666,0.14285714285714285,0.14285714285714285,0.7142857142857143,0.0,0.3888888888888889,0.5,1.0,0.4166666666666667,0.0
126,1,1,2,2,6,2,4,0,13,5,0.07692307692307693,0.15384615384615385,0.46153846153846156,0.3076923076923077,0.2,0.4,0.4,0.0,0.38461538461538464,1.0,1.0,0.3333333333333333,0.0
127,1,1,2,2,7,4,2,0,12,7,0.08333333333333333,0.16666666666666666,0.5833333333333334,0.16666666666666666,0.14285714285714285,0.2857142857142857,0.5714285714285714,0.0,0.5833333333333334,1.0,1.0,0.5714285714285714,0.0
128,4,3,1,1,10,2,5,0,20,6,0.2,0.05,0.5,0.25,0.5,0.16666666666666666,0.3333333333333333,0.0,0.3,0.75,1.0,0.2,0.0
129,3,2,3,3,6,3,3,0,15,8,0.2,0.2,0.4,0.2,0.25,0.375,0.375,0.0,0.5333333333333333,0.6666666666666666,1.0,0.5,0.0
130,2,2,3,3,5,1,2,0,12,6,0.16666666666666666,0.25,0.4166666666666667,0.16666666666666666,0.3333333333333333,0.5,0.16666666666666666,0.0,0.5,1.0,1.0,0.2,0.0
131,3,3,1,1,8,3,4,0,16,7,0.1875,0.0625,0.5,0.25,0.42857142857142855,0.14285714285714285,0.42857142857142855,0.0,0.4375,1.0,1.0,0.375,0.0
132,2,2,1,1,3,3,4,0,10,6,0.2,0.1,0.3,0.4,0.3333333333333333,0.16666666666666666,0.5,0.0,0.6,1.0,1.0,1.0,0.0
133,4,3,0,0,11,1,7,0,22,4,0.18181818181818182,0.0,0.5,0.3181818181818182,0.75,0.0,0.25,0.0,0.18181818181818182,0.75,0.0,0.09090909090909091,0.0
134,11,10,0,0,8,2,5,0,24,12,0.4583333333333333,0.0,0.3333333333333333,0.20833333333333334,0.8333333333333334,0.0,0.16666666666666666,0.0,0.5,0.9090909090909091,0.0,0.25,0.0
135,6,5,0,0,12,1,4,0,22,6,0.2727272727272727,0.0,0.5454545454545454,0.18181818181818182,0.8333333333333334,0.0,0.16666666666666666,0.0,0.2727272727272727,0.8333333333333334,0.0,0.08333333333333333,0.0
136,3,2,1,1,10,1,1,0,15,4,0.2,0.06666666666666667,0.6666666666666666,0.06666666666666667,0.5,0.25,0.25,0.0,0.26666666666666666,0.6666666666666666,1.0,0.1,0.0
137,8,6,0,0,6,1,8,0,22,7,0.36363636363636365,0.0,0.2727272727272727,0.36363636363636365,0.8571428571428571,0.0,0.14285714285714285,0.0,0.3181818181818182,0.75,0.0,0.16666666666666666,0.0
138,3,2,2,2,13,6,6,0,24,10,0.125,0.08333333333333333,0.5416666666666666,0.25,0.2,0.2,0.6,0.0,0.4166666666666667,0.6666666666666666,1.0,0.46153846153846156,0.0
139,8,8,1,1,6,1,4,0,19,10,0.42105263157894735,0.05263157894736842,0.3157894736842105,0.21052631578947367,0.8,0.1,0.1,0.0,0.5263157894736842,1.0,1.0,0.16666666666666666,0.0
140,6,4,1,1,6,3,5,0,18,8,0.3333333333333333,0.05555555555555555,0.3333333333333333,0.2777777777777778,0.5,0.125,0.375,0.0,0.4444444444444444,0.6666666666666666,1.0,0.5,0.0
141,3,3,2,2,9,3,2,0,16,8,0.1875,0.125,0.5625,0.125,0.375,0.25,0.375,0.0,0.5,1.0,1.0,0.3333333333333333,0.0
142,3,2,3,3,7,2,1,0,14,7,0.21428571428571427,0.21428571428571427,0.5,0.07142857142857142,0.2857142857142857,0.42857142857142855,0.2857142857142857,0.0,0.5,0.6666666666666666,1.0,0.2857142857142857,0.0
143,5,4,0,0,7,1,3,0,15,5,0.3333333333333333,0.0,0.4666666666666667,0.2,0.8,0.0,0.2,0.0,0.3333333333333333,0.8,0.0,0.14285714285714285,0.0
144,7,7,0,0,1,0,8,0,16,7,0.4375,0.0,0.0625,0.5,1.0,0.0,0.0,0.0,0.4375,1.0,0.0,0.0,0.0
145,7,6,1,1,11,5,0,0,19,12,0.3684210526315789,0.05263157894736842,0.5789473684210527,0.0,0.5,0.08333333333333333,0.4166666666666667,0.0,0.631578947368421,0.8571428571428571,1.0,0.45454545454545453,0.0
146,6,6,0,0,4,2,6,0,16,8,0.375,0.0,0.25,0.375,0.75,0.0,0.25,0.0,0.5,1.0,0.0,0.5,0.0
147,5,5,0,0,6,1,4,0,15,6,0.3333333333333333,0.0,0.4,0.26666666666666666,0.8333333333333334,0.0,0.16666666666666666,0.0,0.4,1.0,0.0,0.16666666666666666,0.0
148,7,6,2,2,8,1,2,0,19,9,0.3684210526315789,0.10526315789473684,0.42105263157894735,0.10526315789473684,0.6666666666666666,0.2222222222222222,0.1111111111111111,0.0,0.47368421052631576,0.8571428571428571,1.0,0.125,0.0
149,9,8,3,3,12,0,2,0,26,11,0.34615384615384615,0.11538461538461539,0.46153846153846156,0.07692307692307693,0.7272727272727273,0.2727272727272727,0.0,0.0,0.4230769230769231,0.8888888888888888,1.0,0.0,0.0
150,1,1,1,1,5,3,0,0,7,5,0.14285714285714285,0.14285714285714285,0.7142857142857143,0.0,0.2,0.2,0.6,0.0,0.7142857142857143,1.0,1.0,0.6,0.0
151,3,3,0,0,10,3,5,0,18,6,0.16666666666666666,0.0,0.5555555555555556,0.2777777777777778,0.5,0.0,0.5,0.0,0.3333333333333333,1.0,0.0,0.3,0.0
152,4,3,1,1,9,1,3,0,17,5,0.23529411764705882,0.058823529411764705,0.5294117647058824,0.17647058823529413,0.6,0.2,0.2,0.0,0.29411764705882354,0.75,1.0,0.1111111111111111,0.0
153,4,3,0,0,6,1,7,0,17,4,0.23529411764705882,0.0,0.35294117647058826,0.4117647058823529,0.75,0.0,0.25,0.0,0.23529411764705882,0.75,0.0,0.16666666666666666,0.0
154,7,5,1,1,12,3,4,0,24,9,0.2916666666666667,0.041666666666666664,0.5,0.16666666666666666,0.5555555555555556,0.1111111111111111,0.3333333333333333,0.0,0.375,0.7142857142857143,1.0,0.25,0.0
155,4,3,2,2,11,5,5,0,22,10,0.18181818181818182,0.09090909090909091,0.5,0.22727272727272727,0.3,0.2,0.5,0.0,0.45454545454545453,0.75,1.0,0.45454545454545453,0.0
156,5,5,2,2,4,1,2,0,13,8,0.38461538461538464,0.15384615384615385,0.3076923076923077,0.15384615384615385,0.625,0.25,0.125,0.0,0.6153846153846154,1.0,1.0,0.25,0.0
157,7,6,1,1,7,0,1,0,16,7,0.4375,0.0625,0.4375,0.0625,0.8571428571428571,0.14285714285714285,0.0,0.0,0.4375,0.8571428571428571,1.0,0.0,0.0
158,11,10,3,3,5,2,6,0,25,15,0.44,0.12,0.2,0.24,0.6666666666666666,0.2,0.13333333333333333,0.0,0.6,0.9090909090909091,1.0,0.4,0.0
159,8,6,1,1,5,2,2,0,16,9,0.5,0.0625,0.3125,0.125,0.6666666666666666,0.1111111111111111,0.2222222222222222,0.0,0.5625,0.75,1.0,0.4,0.0
160,4,3,1,1,11,2,3,0,19,6,0.21052631578947367,0.05263157894736842,0.5789473684210527,0.15789473684210525,0.5,0.16666666666666666,0.3333333333333333,0.0,0.3157894736842105,0.75,1.0,0.18181818181818182,0.0
161,9,9,1,1,9,2,1,0,20,12,0.45,0.05,0.45,0.05,0.75,0.08333333333333333,0.16666666666666666,0.0,0.6,1.0,1.0,0.2222222222222222,0.0
162,8,8,2,2,4,2,4,0,18,12,0.4444444444444444,0.1111111111111111,0.2222222222222222,0.2222222222222222,0.6666666666666666,0.16666666666666666,0.16666666666666666,0.0,0.6666666666666666,1.0,1.0,0.5,0.0
163,5,5,0,0,8,1,4,0,17,6,0.29411764705882354,0.0,0.47058823529411764,0.23529411764705882,0.8333333333333334,0.0,0.16666666666666666,0.0,0.35294117647058826,1.0,0.0,0.125,0.0
164,6,5,1,1,7,3,4,0,18,9,0.3333333333333333,0.05555555555555555,0.3888888888888889,0.2222222222222222,0.5555555555555556,0.1111111111111111,0.3333333333333333,0.0,0.5,0.8333333333333334,1.0,0.42857142857142855,0.0
165,4,4,0,0,4,0,3,0,11,4,0.36363636363636365,0.0,0.36363636363636365,0.2727272727272727,1.0,0.0,0.0,0.0,0.36363636363636365,1.0,0.0,0.0,0.0
166,5,5,1,1,10,3,4,0,20,9,0.25,0.05,0.5,0.2,0.5555555555555556,0.1111111111111111,0.3333333333333333,0.0,0.45,1.0,1.0,0.3,0.0
167,6,5,0,0,8,4,3,0,17,9,0.35294117647058826,0.0,0.47058823529411764,0.17647058823529413,0.5555555555555556,0.0,0.4444444444444444,0.0,0.5294117647058824,0.8333333333333334,0.0,0.5,0.0
168,10,10,0,0,10,4,4,0,24,14,0.4166666666666667,0.0,0.4166666666666667,0.16666666666666666,0.7142857142857143,0.0,0.2857142857142857,0.0,0.5833333333333334,1.0,0.0,0.4,0.0
169,9,8,3,3,3,0,4,0,19,11,0.47368421052631576,0.15789473684210525,0.15789473684210525,0.21052631578947367,0.7272727272727273,0.2727272727272727,0.0,0.0,0.5789473684210527,0.8888888888888888,1.0,0.0,0.0
170,4,4,1,1,6,2,4,0,15,7,0.26666666666666666,0.06666666666666667,0.4,0.26666666666666666,0.5714285714285714,0.14285714285714285,0.2857142857142857,0.0,0.4666666666666667,1.0,1.0,0.3333333333333333,0.0
171,8,6,1,1,4,1,7,0,20,8,0.4,0.05,0.2,0.35,0.75,0.125,0.125,0.0,0.4,0.75,1.0,0.25,0.0
172,5,5,3,3,9,2,3,0,20,10,0.25,0.15,0.45,0.15,0.5,0.3,0.2,0.0,0.5,1.0,1.0,0.2222222222222222,0.0
173,8,7,2,2,4,0,3,0,17,9,0.47058823529411764,0.11764705882352941,0.23529411764705882,0.17647058823529413,0.7777777777777778,0.2222222222222222,0.0,0.0,0.5294117647058824,0.875,1.0,0.0,0.0
174,5,5,0,0,11,2,4,0,20,7,0.25,0.0,0.55,0.2,0.7142857142857143,0.0,0.2857142857142857,0.0,0.35,1.0,0.0,0.18181818181818182,0.0
175,6,5,1,1,7,2,4,0,18,8,0.3333333333333333,0.05555555555555555,0.3888888888888889,0.2222222222222222,0.625,0.125,0.25,0.0,0.4444444444444444,0.8333333333333334,1.0,0.2857142857142857,0.0
176,2,2,1,1,9,5,3,0,15,8,0.13333333333333333,0.06666666666666667,0.6,0.2,0.25,0.125,0.625,0.0,0.5333333333333333,1.0,1.0,0.5555555555555556,0.0
177,8,8,0,0,10,5,2,0,20,13,0.4,0.0,0.5,0.1,0.6153846153846154,0.0,0.38461538461538464,0.0,0.65,1.0,0.0,0.5,0.0
178,5,5,0,0,5,1,5,0,15,6,0.3333333333333333,0.0,0.3333333333333333,0.3333333333333333,0.8333333333333334,0.0,0.16666666666666666,0.0,0.4,1.0,0.0,0.2,0.0
179,4,3,2,2,9,2,2,0,17,7,0.23529411764705882,0.11764705882352941,0.5294117647058824,0.11764705882352941,0.42857142857142855,0.2857142857142857,0.2857142857142857,0.0,0.4117647058823529,0.75,1.0,0.2222222222222222,0.0
180,4,2,1,1,9,3,3,0,17,6,0.23529411764705882,0.058823529411764705,0.5294117647058824,0.17647058823529413,0.3333333333333333,0.16666666666666666,0.5,0.0,0.35294117647058826,0.5,1.0,0.3333333333333333,0.0
181,4,4,0,0,7,1,4,0,15,5,0.26666666666666666,0.0,0.4666666666666667,0.26666666666666666,0.8,0.0,0.2,0.0,0.3333333333333333,1.0,0.0,0.14285714285714285,0.0
182,3,2,2,2,7,0,2,0,14,4,0.21428571428571427,0.14285714285714285,0.5,0.14285714285714285,0.5,0.5,0.0,0.0,0.2857142857142857,0.6666666666666666,1.0,0.0,0.0
183,3,3,2,2,6,3,8,0,19,8,0.15789473684210525,0.10526315789473684,0.3157894736842105,0.42105263157894735,0.375,0.25,0.375,0.0,0.42105263157894735,1.0,1.0,0.5,0.0
184,3,3,1,1,6,3,5,0,15,7,0.2,0.06666666666666667,0.4,0.3333333333333333,0.42857142857142855,0.14285714285714285,0.42857142857142855,0.0,0.4666666666666667,1.0,1.0,0.5,0.0
185,6,6,3,3,7,4,3,0,19,13,0.3157894736842105,0.15789473684210525,0.3684210526315789,0.15789473684210525,0.46153846153846156,0.23076923076923078,0.3076923076923077,0.0,0.6842105263157895,1.0,1.0,0.5714285714285714,0.0
186,5,5,3,3,7,1,5,0,20,9,0.25,0.15,0.35,0.25,0.5555555555555556,0.3333333333333333,0.1111111111111111,0.0,0.45,1.0,1.0,0.14285714285714285,0.0
187,3,3,1,1,10,4,5,0,19,8,0.15789473684210525,0.05263157894736842,0.5263157894736842,0.2631578947368421,0.375,0.125,0.5,0.0,0.42105263157894735,1.0,1.0,0.4,0.0
188,3,3,0,0,9,4,8,0,20,7,0.15,0.0,0.45,0.4,0.42857142857142855,0.0,0.5714285714285714,0.0,0.35,1.0,0.0,0.4444444444444444,0.0
189,6,5,0,0,9,2,7,0,22,7,0.2727272727272727,0.0,0.4090909090909091,0.3181818181818182,0.7142857142857143,0.0,0.2857142857142857,0.0,0.3181818181818182,0.8333333333333334,0.0,0.2222222222222222,0.0
190,3,3,1,1,5,3,4,0,13,7,0.23076923076923078,0.07692307692307693,0.38461538461538464,0.3076923076923077,0.42857142857142855,0.14285714285714285,0.42857142857142855,0.0,0.5384615384615384,1.0,1.0,0.6,0.0
191,10,9,2,2,5,1,4,0,21,12,0.47619047619047616,0.09523809523809523,0.23809523809523808,0.19047619047619047,0.75,0.16666666666666666,0.08333333333333333,0.0,0.5714285714285714,0.9,1.0,0.2,0.0
192,7,7,2,2,7,3,3,0,19,12,0.3684210526315789,0.10526315789473684,0.3684210526315789,0.15789473684210525,0.5833333333333334,0.16666666666666666,0.25,0.0,0.631578947368421,1.0,1.0,0.42857142857142855,0.0
193,6,5,1,1,6,3,7,0,20,9,0.3,0.05,0.3,0.35,0.5555555555555556,0.1111111111111111,0.3333333333333333,0.0,0.45,0.8333333333333334,1.0,0.5,0.0
194,6,6,1,1,10,3,3,0,20,10,0.3,0.05,0.5,0.15,0.6,0.1,0.3,0.0,0.5,1.0,1.0,0.3,0.0
195,5,5,0,0,8,3,4,0,17,8,0.29411764705882354,0.0,0.47058823529411764,0.23529411764705882,0.625,0.0,0.375,0.0,0.47058823529411764,1.0,0.0,0.375,0.0
196,5,4,1,1,9,0,2,0,17,5,0.29411764705882354,0.058823529411764705,0.5294117647058824,0.11764705882352941,0.8,0.2,0.0,0.0,0.29411764705882354,0.8,1.0,0.0,0.0
197,3,2,1,1,11,4,4,0,19,7,0.15789473684210525,0.05263157894736842,0.5789473684210527,0.21052631578947367,0.2857142857142857,0.14285714285714285,0.5714285714285714,0.0,0.3684210526315789,0.6666666666666666,1.0,0.36363636363636365,0.0
198,6,5,0,0,12,2,4,0,22,7,0.2727272727272727,0.0,0.5454545454545454,0.18181818181818182,0.7142857142857143,0.0,0.2857142857142857,0.0,0.3181818181818182,0.8333333333333334,0.0,0.16666666666666666,0.0
199,5,4,4,4,3,2,3,0,15,10,0.3333333333333333,0.26666666666666666,0.2,0.2,0.4,0.4,0.2,0.0,0.6666666666666666,0.8,1.0,0.6666666666666666,0.0
200,2,1,3,3,11,1,7,0,23,5,0.08695652173913043,0.13043478260869565,0.4782608695652174,0.30434782608695654,0.2,0.6,0.2,0.0,0.21739130434782608,0.5,1.0,0.09090909090909091,0.0
201,7,7,0,0,13,4,1,0,21,11,0.3333333333333333,0.0,0.6190476190476191,0.047619047619047616,0.6363636363636364,0.0,0.36363636363636365,0.0,0.5238095238095238,1.0,0.0,0.3076923076923077,0.0
202,7,5,0,0,9,6,3,0,19,11,0.3684210526315789,0.0,0.47368421052631576,0.15789473684210525,0.45454545454545453,0.0,0.5454545454545454,0.0,0.5789473684210527,0.7142857142857143,0.0,0.6666666666666666,0.0
203,5,3,4,4,7,2,3,0,19,9,0.2631578947368421,0.21052631578947367,0.3684210526315789,0.15789473684210525,0.3333333333333333,0.4444444444444444,0.2222222222222222,0.0,0.47368421052631576,0.6,1.0,0.2857142857142857,0.0
204,4,3,0,0,10,1,3,0,17,4,0.23529411764705882,0.0,0.5882352941176471,0.17647058823529413,0.75,0.0,0.25,0.0,0.23529411764705882,0.75,0.0,0.1,0.0
205,7,6,0,0,9,1,3,0,19,7,0.3684210526315789,0.0,0.47368421052631576,0.15789473684210525,0.8571428571428571,0.0,0.14285714285714285,0.0,0.3684210526315789,0.8571428571428571,0.0,0.1111111111111111,0.0
206,4,4,0,0,4,0,4,0,12,4,0.3333333333333333,0.0,0.3333333333333333,0.3333333333333333,1.0,0.0,0.0,0.0,0.3333333333333333,1.0,0.0,0.0,0.0
207,3,3,2,2,6,3,5,0,16,8,0.1875,0.125,0.375,0.3125,0.375,0.25,0.375,0.0,0.5,1.0,1.0,0.5,0.0
208,7,6,0,0,13,3,2,0,22,9,0.3181818181818182,0.0,0.5909090909090909,0.09090909090909091,0.6666666666666666,0.0,0.3333333333333333,0.0,0.4090909090909091,0.8571428571428571,0.0,0.23076923076923078,0.0
209,3,1,2,2,9,2,9,0,23,5,0.13043478260869565,0.08695652173913043,0.391304347826087,0.391304347826087,0.2,0.4,0.4,0.0,0.21739130434782608,0.3333333333333333,1.0,0.2222222222222222,0.0
210,4,4,1,1,6,0,8,0,19,5,0.21052631578947367,0.05263157894736842,0.3157894736842105,0.42105263157894735,0.8,0.2,0.0,0.0,0.2631578947368421,1.0,1.0,0.0,0.0
211,3,3,2,2,9,3,5,0,19,8,0.15789473684210525,0.10526315789473684,0.47368421052631576,0.2631578947368421,0.375,0.25,0.375,0.0,0.42105263157894735,1.0,1.0,0.3333333333333333,0.0
212,8,8,1,1,8,7,2,0,19,16,0.42105263157894735,0.05263157894736842,0.42105263157894735,0.10526315789473684,0.5,0.0625,0.4375,0.0,0.8421052631578947,1.0,1.0,0.875,0.0
213,4,4,1,1,7,2,4,0,16,7,0.25,0.0625,0.4375,0.25,0.5714285714285714,0.14285714285714285,0.2857142857142857,0.0,0.4375,1.0,1.0,0.2857142857142857,0.0
214,6,5,0,0,5,2,4,0,15,7,0.4,0.0,0.3333333333333333,0.26666666666666666,0.7142857142857143,0.0,0.2857142857142857,0.0,0.4666666666666667,0.8333333333333334,0.0,0.4,0.0
215,3,2,0,0,7,2,4,0,14,4,0.21428571428571427,0.0,0.5,0.2857142857142857,0.5,0.0,0.5,0.0,0.2857142857142857,0.6666666666666666,0.0,0.2857142857142857,0.0
216,3,2,3,3,7,3,7,0,20,8,0.15,0.15,0.35,0.35,0.25,0.375,0.375,0.0,0.4,0.6666666666666666,1.0,0.42857142857142855,0.0
217,7,6,1,1,4,3,4,0,16,10,0.4375,0.0625,0.25,0.25,0.6,0.1,0.3,0.0,0.625,0.8571428571428571,1.0,0.75,0.0
218,6,6,2,2,11,1,7,0,26,9,0.23076923076923078,0.07692307692307693,0.4230769230769231,0.2692307692307692,0.6666666666666666,0.2222222222222222,0.1111111111111111,0.0,0.34615384615384615,1.0,1.0,0.09090909090909091,0.0
219,4,4,0,0,5,0,6,0,15,4,0.26666666666666666,0.0,0.3333333333333333,0.4,1.0,0.0,0.0,0.0,0.26666666666666666,1.0,0.0,0.0,0.0
220,6,6,2,2,8,3,6,0,22,11,0.2727272727272727,0.09090909090909091,0.36363636363636365,0.2727272727272727,0.5454545454545454,0.18181818181818182,0.2727272727272727,0.0,0.5,1.0,1.0,0.375,0.0
221,3,3,2,2,7,1,2,0,14,6,0.21428571428571427,0.14285714285714285,0.5,0.14285714285714285,0.5,0.3333333333333333,0.16666666666666666,0.0,0.42857142857142855,1.0,1.0,0.14285714285714285,0.0
222,3,3,0,0,4,3,2,0,9,6,0.3333333333333333,0.0,0.4444444444444444,0.2222222222222222,0.5,0.0,0.5,0.0,0.6666666666666666,1.0,0.0,0.75,0.0
223,3,3,2,2,5,1,10,0,20,6,0.15,0.1,0.25,0.5,0.5,0.3333333333333333,0.16666666666666666,0.0,0.3,1.0,1.0,0.2,0.0
224,10,10,0,0,7,4,2,0,19,14,0.5263157894736842,0.0,0.3684210526315789,0.10526315789473684,0.7142857142857143,0.0,0.2857142857142857,0.0,0.7368421052631579,1.0,0.0,0.5714285714285714,0.0
225,4,4,1,1,8,2,6,0,19,7,0.21052631578947367,0.05263157894736842,0.42105263157894735,0.3157894736842105,0.5714285714285714,0.14285714285714285,0.2857142857142857,0.0,0.3684210526315789,1.0,1.0,0.25,0.0
226,3,3,0,0,6,1,0,0,9,4,0.3333333333333333,0.0,0.6666666666666666,0.0,0.75,0.0,0.25,0.0,0.4444444444444444,1.0,0.0,0.16666666666666666,0.0
227,7,7,1,1,9,8,0,0,17,16,0.4117647058823529,0.058823529411764705,0.5294117647058824,0.0,0.4375,0.0625,0.5,0.0,0.9411764705882353,1.0,1.0,0.8888888888888888,0.0
228,8,8,0,0,7,1,6,0,21,9,0.38095238095238093,0.0,0.3333333333333333,0.2857142857142857,0.8888888888888888,0.0,0.1111111111111111,0.0,0.42857142857142855,1.0,0.0,0.14285714285714285,0.0
229,5,4,1,1,7,3,4,0,17,8,0.29411764705882354,0.058823529411764705,0.4117647058823529,0.23529411764705882,0.5,0.125,0.375,0.0,0.47058823529411764,0.8,1.0,0.42857142857142855,0.0
230,3,3,1,1,10,2,2,0,16,6,0.1875,0.0625,0.625,0.125,0.5,0.16666666666666666,0.3333333333333333,0.0,0.375,1.0,1.0,0.2,0.0
231,8,6,1,1,9,2,3,0,21,9,0.38095238095238093,0.047619047619047616,0.42857142857142855,0.14285714285714285,0.6666666666666666,0.1111111111111111,0.2222222222222222,0.0,0.42857142857142855,0.75,1.0,0.2222222222222222,0.0
232,5,3,0,0,9,2,5,0,19,5,0.2631578947368421,0.0,0.47368421052631576,0.2631578947368421,0.6,0.0,0.4,0.0,0.2631578947368421,0.6,0.0,0.2222222222222222,0.0
233,5,5,1,1,5,1,6,0,17,7,0.29411764705882354,0.058823529411764705,0.29411764705882354,0.35294117647058826,0.7142857142857143,0.14285714285714285,0.14285714285714285,0.0,0.4117647058823529,1.0,1.0,0.2,0.0
234,6,6,0,0,6,0,6,0,18,6,0.3333333333333333,0.0,0.3333333333333333,0.3333333333333333,1.0,0.0,0.0,0.0,0.3333333333333333,1.0,0.0,0.0,0.0
235,5,4,1,1,5,3,8,0,19,8,0.2631578947368421,0.05263157894736842,0.2631578947368421,0.42105263157894735,0.5,0.125,0.375,0.0,0.42105263157894735,0.8,1.0,0.6,0.0
236,7,6,3,3,10,1,5,0,25,10,0.28,0.12,0.4,0.2,0.6,0.3,0.1,0.0,0.4,0.8571428571428571,1.0,0.1,0.0
237,6,6,0,0,8,1,4,0,18,7,0.3333333333333333,0.0,0.4444444444444444,0.2222222222222222,0.8571428571428571,0.0,0.14285714285714285,0.0,0.3888888888888889,1.0,0.0,0.125,0.0
238,10,8,2,2,10,2,3,0,25,12,0.4,0.08,0.4,0.12,0.6666666666666666,0.16666666666666666,0.16666666666666666,0.0,0.48,0.8,1.0,0.2,0.0
239,2,2,2,2,16,2,4,0,24,6,0.08333333333333333,0.08333333333333333,0.6666666666666666,0.16666666666666666,0.3333333333333333,0.3333333333333333,0.3333333333333333,0.0,0.25,1.0,1.0,0.125,0.0
240,6,4,1,1,7,2,5,0,19,7,0.3157894736842105,0.05263157894736842,0.3684210526315789,0.2631578947368421,0.5714285714285714,0.14285714285714285,0.2857142857142857,0.0,0.3684210526315789,0.6666666666666666,1.0,0.2857142857142857,0.0
241,5,4,1,1,6,1,6,0,18,6,0.2777777777777778,0.05555555555555555,0.3333333333333333,0.3333333333333333,0.6666666666666666,0.16666666666666666,0.16666666666666666,0.0,0.3333333333333333,0.8,1.0,0.16666666666666666,0.0
242,7,6,1,1,8,1,5,0,21,8,0.3333333333333333,0.047619047619047616,0.38095238095238093,0.23809523809523808,0.75,0.125,0.125,0.0,0.38095238095238093,0.8571428571428571,1.0,0.125,0.0
243,4,4,0,0,6,0,3,0,13,4,0.3076923076923077,0.0,0.46153846153846156,0.23076923076923078,1.0,0.0,0.0,0.0,0.3076923076923077,1.0,0.0,0.0,0.0
244,6,5,0,0,9,3,3,0,18,8,0.3333333333333333,0.0,0.5,0.16666666666666666,0.625,0.0,0.375,0.0,0.4444444444444444,0.8333333333333334,0.0,0.3333333333333333,0.0
245,5,3,1,1,12,0,3,0,21,4,0.23809523809523808,0.047619047619047616,0.5714285714285714,0.14285714285714285,0.75,0.25,0.0,0.0,0.19047619047619047,0.6,1.0,0.0,0.0
246,8,7,2,2,5,2,5,0,20,11,0.4,0.1,0.25,0.25,0.6363636363636364,0.18181818181818182,0.18181818181818182,0.0,0.55,0.875,1.0,0.4,0.0
247,6,6,1,1,6,0,3,0,16,7,0.375,0.0625,0.375,0.1875,0.8571428571428571,0.14285714285714285,0.0,0.0,0.4375,1.0,1.0,0.0,0.0
248,4,4,2,2,5,2,7,0,18,8,0.2222222222222222,0.1111111111111111,0.2777777777777778,0.3888888888888889,0.5,0.25,0.25,0.0,0.4444444444444444,1.0,1.0,0.4,0.0
249,8,7,0,0,2,0,4,0,14,7,0.5714285714285714,0.0,0.14285714285714285,0.2857142857142857,1.0,0.0,0.0,0.0,0.5,0.875,0.0,0.0,0.0
250,6,5,1,1,4,2,6,0,17,8,0.35294117647058826,0.058823529411764705,0.23529411764705882,0.35294117647058826,0.625,0.125,0.25,0.0,0.47058823529411764,0.8333333333333334,1.0,0.5,0.0
251,4,3,0,0,4,1,2,0,10,4,0.4,0.0,0.4,0.2,0.75,0.0,0.25,0.0,0.4,0.75,0.0,0.25,0.0
252,6,5,0,0,7,4,9,0,22,9,0.2727272727272727,0.0,0.3181818181818182,0.4090909090909091,0.5555555555555556,0.0,0.4444444444444444,0.0,0.4090909090909091,0.8333333333333334,0.0,0.5714285714285714,0.0
253,4,3,1,1,10,4,4,0,19,8,0.21052631578947367,0.05263157894736842,0.5263157894736842,0.21052631578947367,0.375,0.125,0.5,0.0,0.42105263157894735,0.75,1.0,0.4,0.0
254,7,6,1,1,3,2,8,0,19,9,0.3684210526315789,0.05263157894736842,0.15789473684210525,0.42105263157894735,0.6666666666666666,0.1111111111111111,0.2222222222222222,0.0,0.47368421052631576,0.8571428571428571,1.0,0.6666666666666666,0.0
255,2,1,1,1,7,2,5,0,15,4,0.13333333333333333,0.06666666666666667,0.4666666666666667,0.3333333333333333,0.25,0.25,0.5,0.0,0.26666666666666666,0.5,1.0,0.2857142857142857,0.0
256,8,8,4,4,7,2,4,0,23,14,0.34782608695652173,0.17391304347826086,0.30434782608695654,0.17391304347826086,0.5714285714285714,0.2857142857142857,0.14285714285714285,0.0,0.6086956521739131,1.0,1.0,0.2857142857142857,0.0
257,4,2,0,0,4,1,2,0,10,3,0.4,0.0,0.4,0.2,0.6666666666666666,0.0,0.3333333333333333,0.0,0.3,0.5,0.0,0.25,0.0
258,4,3,1,1,7,2,3,0,15,6,0.26666666666666666,0.06666666666666667,0.4666666666666667,0.2,0.5,0.16666666666666666,0.3333333333333333,0.0,0.4,0.75,1.0,0.2857142857142857,0.0
259,5,5,0,0,4,1,4,0,13,6,0.38461538461538464,0.0,0.3076923076923077,0.3076923076923077,0.8333333333333334,0.0,0.16666666666666666,0.0,0.46153846153846156,1.0,0.0,0.25,0.0
260,6,4,0,0,8,3,5,0,19,7,0.3157894736842105,0.0,0.42105263157894735,0.2631578947368421,0.5714285714285714,0.0,0.42857142857142855,0.0,0.3684210526315789,0.6666666666666666,0.0,0.375,0.0
261,8,8,3,3,6,1,5,0,22,12,0.36363636363636365,0.13636363636363635,0.2727272727272727,0.22727272727272727,0.6666666666666666,0.25,0.08333333333333333,0.0,0.5454545454545454,1.0,1.0,0.16666666666666666,0.0
262,6,6,1,1,7,2,2,0,16,9,0.375,0.0625,0.4375,0.125,0.6666666666666666,0.1111111111111111,0.2222222222222222,0.0,0.5625,1.0,1.0,0.2857142857142857,0.0
263,7,7,1,1,5,0,6,0,19,8,0.3684210526315789,0.05263157894736842,0.2631578947368421,0.3157894736842105,0.875,0.125,0.0,0.0,0.42105263157894735,1.0,1.0,0.0,0.0
264,5,4,0,0,11,1,3,0,19,5,0.2631578947368421,0.0,0.5789473684210527,0.15789473684210525,0.8,0.0,0.2,0.0,0.2631578947368421,0.8,0.0,0.09090909090909091,0.0
265,11,10,0,0,9,1,3,0,23,11,0.4782608695652174,0.0,0.391304347826087,0.13043478260869565,0.9090909090909091,0.0,0.09090909090909091,0.0,0.4782608695652174,0.9090909090909091,0.0,0.1111111111111111,0.0
266,6,6,1,1,8,2,5,0,20,9,0.3,0.05,0.4,0.25,0.6666666666666666,0.1111111111111111,0.2222222222222222,0.0,0.45,1.0,1.0,0.25,0.0
267,4,4,2,2,5,1,4,0,15,7,0.26666666666666666,0.13333333333333333,0.3333333333333333,0.26666666666666666,0.5714285714285714,0.2857142857142857,0.14285714285714285,0.0,0.4666666666666667,1.0,1.0,0.2,0.0
268,2,1,1,1,10,3,3,0,16,5,0.125,0.0625,0.625,0.1875,0.2,0.2,0.6,0.0,0.3125,0.5,1.0,0.3,0.0
269,8,8,1,1,9,0,8,0,26,9,0.3076923076923077,0.038461538461538464,0.34615384615384615,0.3076923076923077,0.8888888888888888,0.1111111111111111,0.0,0.0,0.34615384615384615,1.0,1.0,0.0,0.0
270,7,7,0,0,8,1,5,0,20,8,0.35,0.0,0.4,0.25,0.875,0.0,0.125,0.0,0.4,1.0,0.0,0.125,0.0
271,9,8,2,2,4,1,3,0,18,11,0.5,0.1111111111111111,0.2222222222222222,0.16666666666666666,0.7272727272727273,0.18181818181818182,0.09090909090909091,0.0,0.6111111111111112,0.8888888888888888,1.0,0.25,0.0
272,4,2,2,2,5,0,4,0,15,4,0.26666666666666666,0.13333333333333333,0.3333333333333333,0.26666666666666666,0.5,0.5,0.0,0.0,0.26666666666666666,0.5,1.0,0.0,0.0
273,5,3,0,0,6,2,5,0,16,5,0.3125,0.0,0.375,0.3125,0.6,0.0,0.4,0.0,0.3125,0.6,0.0,0.3333333333333333,0.0
274,6,6,0,0,3,0,3,0,12,6,0.5,0.0,0.25,0.25,1.0,0.0,0.0,0.0,0.5,1.0,0.0,0.0,0.0
275,5,5,1,1,3,1,3,0,12,7,0.4166666666666667,0.08333333333333333,0.25,0.25,0.7142857142857143,0.14285714285714285,0.14285714285714285,0.0,0.5833333333333334,1.0,1.0,0.3333333333333333,0.0
276,6,5,0,0,6,0,4,0,16,5,0.375,0.0,0.375,0.25,1.0,0.0,0.0,0.0,0.3125,0.8333333333333334,0.0,0.0,0.0
277,7,7,1,1,7,2,4,0,19,10,0.3684210526315789,0.05263157894736842,0.3684210526315789,0.21052631578947367,0.7,0.1,0.2,0.0,0.5263157894736842,1.0,1.0,0.2857142857142857,0.0
278,5,5,2,2,1,0,1,0,9,7,0.5555555555555556,0.2222222222222222,0.1111111111111111,0.1111111111111111,0.7142857142857143,0.2857142857142857,0.0,0.0,0.7777777777777778,1.0,1.0,0.0,0.0
279,3,3,0,0,8,1,8,0,19,4,0.15789473684210525,0.0,0.42105263157894735,0.42105263157894735,0.75,0.0,0.25,0.0,0.21052631578947367,1.0,0.0,0.125,0.0
280,5,4,0,0,6,0,6,0,17,4,0.29411764705882354,0.0,0.35294117647058826,0.35294117647058826,1.0,0.0,0.0,0.0,0.23529411764705882,0.8,0.0,0.0,0.0
281,2,2,1,1,3,2,6,0,12,5,0.16666666666666666,0.08333333333333333,0.25,0.5,0.4,0.2,0.4,0.0,0.4166666666666667,1.0,1.0,0.6666666666666666,0.0
282,9,7,0,0,5,1,9,0,23,8,0.391304347826087,0.0,0.21739130434782608,0.391304347826087,0.875,0.0,0.125,0.0,0.34782608695652173,0.7777777777777778,0.0,0.2,0.0
283,6,6,1,1,5,0,5,0,17,7,0.35294117647058826,0.058823529411764705,0.29411764705882354,0.29411764705882354,0.8571428571428571,0.14285714285714285,0.0,0.0,0.4117647058823529,1.0,1.0,0.0,0.0
284,7,7,0,0,10,1,6,0,23,8,0.30434782608695654,0.0,0.43478260869565216,0.2608695652173913,0.875,0.0,0.125,0.0,0.34782608695652173,1.0,0.0,0.1,0.0
285,5,5,1,1,7,3,7,0,20,9,0.25,0.05,0.35,0.35,0.5555555555555556,0.1111111111111111,0.3333333333333333,0.0,0.45,1.0,1.0,0.42857142857142855,0.0
286,4,3,1,1,6,1,4,0,15,5,0.26666666666666666,0.06666666666666667,0.4,0.26666666666666666,0.6,0.2,0.2,0.0,0.3333333333333333,0.75,1.0,0.16666666666666666,0.0
287,3,3,0,0,6,3,4,0,13,6,0.23076923076923078,0.0,0.46153846153846156,0.3076923076923077,0.5,0.0,0.5,0.0,0.46153846153846156,1.0,0.0,0.5,0.0
288,6,5,2,2,10,2,0,0,18,9,0.3333333333333333,0.1111111111111111,0.5555555555555556,0.0,0.5555555555555556,0.2222222222222222,0.2222222222222222,0.0,0.5,0.8333333333333334,1.0,0.2,0.0
289,6,6,1,1,10,1,4,0,21,8,0.2857142857142857,0.047619047619047616,0.47619047619047616,0.19047619047619047,0.75,0.125,0.125,0.0,0.38095238095238093,1.0,1.0,0.1,0.0
290,9,8,3,3,6,0,6,0,24,11,0.375,0.125,0.25,0.25,0.7272727272727273,0.2727272727272727,0.0,0.0,0.4583333333333333,0.8888888888888888,1.0,0.0,0.0
291,5,3,2,2,12,4,1,0,20,9,0.25,0.1,0.6,0.05,0.3333333333333333,0.2222222222222222,0.4444444444444444,0.0,0.45,0.6,1.0,0.3333333333333333,0.0
292,6,5,1,1,6,2,9,0,22,8,0.2727272727272727,0.045454545454545456,0.2727272727272727,0.4090909090909091,0.625,0.125,0.25,0.0,0.36363636363636365,0.8333333333333334,1.0,0.3333333333333333,0.0
293,5,3,0,0,8,2,6,0,19,5,0.2631578947368421,0.0,0.42105263157894735,0.3157894736842105,0.6,0.0,0.4,0.0,0.2631578947368421,0.6,0.0,0.25,0.0
294,9,7,1,1,10,7,5,0,25,15,0.36,0.04,0.4,0.2,0.4666666666666667,0.06666666666666667,0.4666666666666667,0.0,0.6,0.7777777777777778,1.0,0.7,0.0
295,4,4,0,0,8,0,3,0,15,4,0.26666666666666666,0.0,0.5333333333333333,0.2,1.0,0.0,0.0,0.0,0.26666666666666666,1.0,0.0,0.0,0.0
296,8,5,3,3,8,1,2,0,21,9,0.38095238095238093,0.14285714285714285,0.38095238095238093,0.09523809523809523,0.5555555555555556,0.3333333333333333,0.1111111111111111,0.0,0.42857142857142855,0.625,1.0,0.125,0.0
297,8,6,2,2,8,2,6,0,24,10,0.3333333333333333,0.08333333333333333,0.3333333333333333,0.25,0.6,0.2,0.2,0.0,0.4166666666666667,0.75,1.0,0.25,0.0
298,8,5,1,1,8,2,4,0,21,8,0.38095238095238093,0.047619047619047616,0.38095238095238093,0.19047619047619047,0.625,0.125,0.25,0.0,0.38095238095238093,0.625,1.0,0.25,0.0
299,5,5,1,1,5,3,3,0,14,9,0.35714285714285715,0.07142857142857142,0.35714285714285715,0.21428571428571427,0.5555555555555556,0.1111111111111111,0.3333333333333333,0.0,0.6428571428571429,1.0,1.0,0.6,0.0
300,4,4,1,1,9,1,3,0,17,6,0.23529411764705882,0.058823529411764705,0.5294117647058824,0.17647058823529413,0.6666666666666666,0.16666666666666666,0.16666666666666666,0.0,0.35294117647058826,1.0,1.0,0.1111111111111111,0.0
301,8,6,1,1,4,1,5,0,18,8,0.4444444444444444,0.05555555555555555,0.2222222222222222,0.2777777777777778,0.75,0.125,0.125,0.0,0.4444444444444444,0.75,1.0,0.25,0.0
302,2,2,2,2,9,3,6,0,19,7,0.10526315789473684,0.10526315789473684,0.47368421052631576,0.3157894736842105,0.2857142857142857,0.2857142857142857,0.42857142857142855,0.0,0.3684210526315789,1.0,1.0,0.3333333333333333,0.0
303,8,7,0,0,6,1,7,0,21,8,0.38095238095238093,0.0,0.2857142857142857,0.3333333333333333,0.875,0.0,0.125,0.0,0.38095238095238093,0.875,0.0,0.16666666666666666,0.0
304,5,5,0,0,8,1,5,0,18,6,0.2777777777777778,0.0,0.4444444444444444,0.2777777777777778,0.8333333333333334,0.0,0.16666666666666666,0.0,0.3333333333333333,1.0,0.0,0.125,0.0
305,4,4,0,0,6,0,8,0,18,4,0.2222222222222222,0.0,0.3333333333333333,0.4444444444444444,1.0,0.0,0.0,0.0,0.2222222222222222,1.0,0.0,0.0,0.0
306,8,7,0,0,8,1,6,0,22,8,0.36363636363636365,0.0,0.36363636363636365,0.2727272727272727,0.875,0.0,0.125,0.0,0.36363636363636365,0.875,0.0,0.125,0.0
307,3,3,1,1,5,1,3,0,12,5,0.25,0.08333333333333333,0.4166666666666667,0.25,0.6,0.2,0.2,0.0,0.4166666666666667,1.0,1.0,0.2,0.0
308,6,6,1,1,5,1,3,0,15,8,0.4,0.06666666666666667,0.3333333333333333,0.2,0.75,0.125,0.125,0.0,0.5333333333333333,1.0,1.0,0.2,0.0
309,3,3,0,0,7,1,2,0,12,4,0.25,0.0,0.5833333333333334,0.16666666666666666,0.75,0.0,0.25,0.0,0.3333333333333333,1.0,0.0,0.14285714285714285,0.0
310,7,6,3,3,8,2,7,0,25,11,0.28,0.12,0.32,0.28,0.5454545454545454,0.2727272727272727,0.18181818181818182,0.0,0.44,0.8571428571428571,1.0,0.25,0.0
311,2,2,0,0,14,4,2,0,18,6,0.1111111111111111,0.0,0.7777777777777778,0.1111111111111111,0.3333333333333333,0.0,0.6666666666666666,0.0,0.3333333333333333,1.0,0.0,0.2857142857142857,0.0
312,6,5,1,1,11,6,1,0,19,12,0.3157894736842105,0.05263157894736842,0.5789473684210527,0.05263157894736842,0.4166666666666667,0.08333333333333333,0.5,0.0,0.631578947368421,0.8333333333333334,1.0,0.5454545454545454,0.0
313,5,4,1,1,7,1,2,0,15,6,0.3333333333333333,0.06666666666666667,0.4666666666666667,0.13333333333333333,0.6666666666666666,0.16666666666666666,0.16666666666666666,0.0,0.4,0.8,1.0,0.14285714285714285,0.0
314,6,3,1,1,7,2,2,0,16,6,0.375,0.0625,0.4375,0.125,0.5,0.16666666666666666,0.3333333333333333,0.0,0.375,0.5,1.0,0.2857142857142857,0.0
315,9,8,1,1,6,0,5,0,21,9,0.42857142857142855,0.047619047619047616,0.2857142857142857,0.23809523809523808,0.8888888888888888,0.1111111111111111,0.0,0.0,0.42857142857142855,0.8888888888888888,1.0,0.0,0.0
316,3,3,0,0,12,0,4,0,19,3,0.15789473684210525,0.0,0.631578947368421,0.21052631578947367,1.0,0.0,0.0,0.0,0.15789473684210525,1.0,0.0,0.0,0.0
317,5,5,1,1,6,2,7,0,19,8,0.2631578947368421,0.05263157894736842,0.3157894736842105,0.3684210526315789,0.625,0.125,0.25,0.0,0.42105263157894735,1.0,1.0,0.3333333333333333,0.0
318,5,4,2,2,5,2,7,0,19,8,0.2631578947368421,0.10526315789473684,0.2631578947368421,0.3684210526315789,0.5,0.25,0.25,0.0,0.42105263157894735,0.8,1.0,0.4,0.0
319,3,3,0,0,8,0,4,0,15,3,0.2,0.0,0.5333333333333333,0.26666666666666666,1.0,0.0,0.0,0.0,0.2,1.0,0.0,0.0,0.0
320,3,3,3,3,5,0,5,0,16,6,0.1875,0.1875,0.3125,0.3125,0.5,0.5,0.0,0.0,0.375,1.0,1.0,0.0,0.0
321,3,3,0,0,8,2,4,0,15,5,0.2,0.0,0.5333333333333333,0.26666666666666666,0.6,0.0,0.4,0.0,0.3333333333333333,1.0,0.0,0.25,0.0
322,3,3,0,0,7,3,8,0,18,6,0.16666666666666666,0.0,0.3888888888888889,0.4444444444444444,0.5,0.0,0.5,0.0,0.3333333333333333,1.0,0.0,0.42857142857142855,0.0
323,4,3,0,0,8,3,6,0,18,6,0.2222222222222222,0.0,0.4444444444444444,0.3333333333333333,0.5,0.0,0.5,0.0,0.3333333333333333,0.75,0.0,0.375,0.0
324,5,3,1,1,7,1,9,0,22,5,0.22727272727272727,0.045454545454545456,0.3181818181818182,0.4090909090909091,0.6,0.2,0.2,0.0,0.22727272727272727,0.6,1.0,0.14285714285714285,0.0
325,6,6,2,2,4,1,4,0,16,9,0.375,0.125,0.25,0.25,0.6666666666666666,0.2222222222222222,0.1111111111111111,0.0,0.5625,1.0,1.0,0.25,0.0
326,5,5,0,0,2,0,10,0,17,5,0.29411764705882354,0.0,0.11764705882352941,0.5882352941176471,1.0,0.0,0.0,0.0,0.29411764705882354,1.0,0.0,0.0,0.0
327,5,5,0,0,11,2,3,0,19,7,0.2631578947368421,0.0,0.5789473684210527,0.15789473684210525,0.7142857142857143,0.0,0.2857142857142857,0.0,0.3684210526315789,1.0,0.0,0.18181818181818182,0.0
328,4,4,0,0,7,3,8,0,19,7,0.21052631578947367,0.0,0.3684210526315789,0.42105263157894735,0.5714285714285714,0.0,0.42857142857142855,0.0,0.3684210526315789,1.0,0.0,0.42857142857142855,0.0
329,3,1,1,1,7,3,5,0,16,5,0.1875,0.0625,0.4375,0.3125,0.2,0.2,0.6,0.0,0.3125,0.3333333333333333,1.0,0.42857142857142855,0.0
330,6,6,1,1,8,1,4,0,19,8,0.3157894736842105,0.05263157894736842,0.42105263157894735,0.21052631578947367,0.75,0.125,0.125,0.0,0.42105263157894735,1.0,1.0,0.125,0.0
331,6,5,1,1,6,3,4,0,17,9,0.35294117647058826,0.058823529411764705,0.35294117647058826,0.23529411764705882,0.5555555555555556,0.1111111111111111,0.3333333333333333,0.0,0.5294117647058824,0.8333333333333334,1.0,0.5,0.0
332,5,5,0,0,7,2,7,0,19,7,0.2631578947368421,0.0,0.3684210526315789,0.3684210526315789,0.7142857142857143,0.0,0.2857142857142857,0.0,0.3684210526315789,1.0,0.0,0.2857142857142857,0.0
333,4,4,0,0,4,0,5,0,13,4,0.3076923076923077,0.0,0.3076923076923077,0.38461538461538464,1.0,0.0,0.0,0.0,0.3076923076923077,1.0,0.0,0.0,0.0
334,7,6,0,0,7,1,2,0,16,7,0.4375,0.0,0.4375,0.125,0.8571428571428571,0.0,0.14285714285714285,0.0,0.4375,0.8571428571428571,0.0,0.14285714285714285,0.0
335,5,4,0,0,9,3,1,0,15,7,0.3333333333333333,0.0,0.6,0.06666666666666667,0.5714285714285714,0.0,0.42857142857142855,0.0,0.4666666666666667,0.8,0.0,0.3333333333333333,0.0
336,3,2,2,2,10,3,2,0,17,7,0.17647058823529413,0.11764705882352941,0.5882352941176471,0.11764705882352941,0.2857142857142857,0.2857142857142857,0.42857142857142855,0.0,0.4117647058823529,0.6666666666666666,1.0,0.3,0.0
337,3,3,0,0,5,0,5,0,13,3,0.23076923076923078,0.0,0.38461538461538464,0.38461538461538464,1.0,0.0,0.0,0.0,0.23076923076923078,1.0,0.0,0.0,0.0
338,7,7,3,3,7,3,5,0,22,13,0.3181818181818182,0.13636363636363635,0.3181818181818182,0.22727272727272727,0.5384615384615384,0.23076923076923078,0.23076923076923078,0.0,0.5909090909090909,1.0,1.0,0.42857142857142855,0.0
339,5,5,0,0,7,2,6,0,18,7,0.2777777777777778,0.0,0.3888888888888889,0.3333333333333333,0.7142857142857143,0.0,0.2857142857142857,0.0,0.3888888888888889,1.0,0.0,0.2857142857142857,0.0
340,9,5,2,2,8,3,1,0,20,10,0.45,0.1,0.4,0.05,0.5,0.2,0.3,0.0,0.5,0.5555555555555556,1.0,0.375,0.0
341,11,10,1,1,7,1,4,0,23,12,0.4782608695652174,0.043478260869565216,0.30434782608695654,0.17391304347826086,0.8333333333333334,0.08333333333333333,0.08333333333333333,0.0,0.5217391304347826,0.9090909090909091,1.0,0.14285714285714285,0.0
342,4,4,0,0,5,2,7,0,16,6,0.25,0.0,0.3125,0.4375,0.6666666666666666,0.0,0.3333333333333333,0.0,0.375,1.0,0.0,0.4,0.0
343,5,4,1,1,10,1,5,0,21,6,0.23809523809523808,0.047619047619047616,0.47619047619047616,0.23809523809523808,0.6666666666666666,0.16666666666666666,0.16666666666666666,0.0,0.2857142857142857,0.8,1.0,0.1,0.0
344,5,5,1,1,13,4,4,0,23,10,0.21739130434782608,0.043478260869565216,0.5652173913043478,0.17391304347826086,0.5,0.1,0.4,0.0,0.43478260869565216,1.0,1.0,0.3076923076923077,0.0
345,5,4,0,0,11,3,7,0,23,7,0.21739130434782608,0.0,0.4782608695652174,0.30434782608695654,0.5714285714285714,0.0,0.42857142857142855,0.0,0.30434782608695654,0.8,0.0,0.2727272727272727,0.0
346,8,7,1,1,7,1,5,0,21,9,0.38095238095238093,0.047619047619047616,0.3333333333333333,0.23809523809523808,0.7777777777777778,0.1111111111111111,0.1111111111111111,0.0,0.42857142857142855,0.875,1.0,0.14285714285714285,0.0
347,8,7,0,0,5,1,7,0,20,8,0.4,0.0,0.25,0.35,0.875,0.0,0.125,0.0,0.4,0.875,0.0,0.2,0.0
348,4,2,0,0,9,3,2,0,15,5,0.26666666666666666,0.0,0.6,0.13333333333333333,0.4,0.0,0.6,0.0,0.3333333333333333,0.5,0.0,0.3333333333333333,0.0
349,6,5,1,1,4,3,4,0,15,9,0.4,0.06666666666666667,0.26666666666666666,0.26666666666666666,0.5555555555555556,0.1111111111111111,0.3333333333333333,0.0,0.6,0.8333333333333334,1.0,0.75,0.0
350,4,4,1,1,8,2,3,0,16,7,0.25,0.0625,0.5,0.1875,0.5714285714285714,0.14285714285714285,0.2857142857142857,0.0,0.4375,1.0,1.0,0.25,0.0
351,4,4,2,2,9,2,3,0,18,8,0.2222222222222222,0.1111111111111111,0.5,0.16666666666666666,0.5,0.25,0.25,0.0,0.4444444444444444,1.0,1.0,0.2222222222222222,0.0
352,3,3,1,1,9,4,8,0,21,8,0.14285714285714285,0.047619047619047616,0.42857142857142855,0.38095238095238093,0.375,0.125,0.5,0.0,0.38095238095238093,1.0,1.0,0.4444444444444444,0.0
353,2,2,1,1,6,1,4,0,13,4,0.15384615384615385,0.07692307692307693,0.46153846153846156,0.3076923076923077,0.5,0.25,0.25,0.0,0.3076923076923077,1.0,1.0,0.16666666666666666,0.0
354,2,2,0,0,5,1,3,0,10,3,0.2,0.0,0.5,0.3,0.6666666666666666,0.0,0.3333333333333333,0.0,0.3,1.0,0.0,0.2,0.0
355,4,4,0,0,6,2,5,0,15,6,0.26666666666666666,0.0,0.4,0.3333333333333333,0.6666666666666666,0.0,0.3333333333333333,0.0,0.4,1.0,0.0,0.3333333333333333,0.0
356,4,4,4,4,8,1,8,0,24,9,0.16666666666666666,0.16666666666666666,0.3333333333333333,0.3333333333333333,0.4444444444444444,0.4444444444444444,0.1111111111111111,0.0,0.375,1.0,1.0,0.125,0.0
357,8,6,4,4,3,0,4,0,19,10,0.42105263157894735,0.21052631578947367,0.15789473684210525,0.21052631578947367,0.6,0.4,0.0,0.0,0.5263157894736842,0.75,1.0,0.0,0.0
358,5,4,2,2,14,6,4,0,25,12,0.2,0.08,0.56,0.16,0.3333333333333333,0.16666666666666666,0.5,0.0,0.48,0.8,1.0,0.42857142857142855,0.0
359,6,6,0,0,3,2,2,0,11,8,0.5454545454545454,0.0,0.2727272727272727,0.18181818181818182,0.75,0.0,0.25,0.0,0.7272727272727273,1.0,0.0,0.6666666666666666,0.0
360,5,5,0,0,7,2,1,0,13,7,0.38461538461538464,0.0,0.5384615384615384,0.07692307692307693,0.7142857142857143,0.0,0.2857142857142857,0.0,0.5384615384615384,1.0,0.0,0.2857142857142857,0.0
361,3,3,2,2,10,2,7,0,22,7,0.13636363636363635,0.09090909090909091,0.45454545454545453,0.3181818181818182,0.42857142857142855,0.2857142857142857,0.2857142857142857,0.0,0.3181818181818182,1.0,1.0,0.2,0.0
362,4,4,0,0,5,3,9,0,18,7,0.2222222222222222,0.0,0.2777777777777778,0.5,0.5714285714285714,0.0,0.42857142857142855,0.0,0.3888888888888889,1.0,0.0,0.6,0.0
363,4,4,1,1,3,0,6,0,14,5,0.2857142857142857,0.07142857142857142,0.21428571428571427,0.42857142857142855,0.8,0.2,0.0,0.0,0.35714285714285715,1.0,1.0,0.0,0.0
364,5,4,2,2,10,4,1,0,18,10,0.2777777777777778,0.1111111111111111,0.5555555555555556,0.05555555555555555,0.4,0.2,0.4,0.0,0.5555555555555556,0.8,1.0,0.4,0.0
365,5,4,2,2,8,2,4,0,19,8,0.2631578947368421,0.10526315789473684,0.42105263157894735,0.21052631578947367,0.5,0.25,0.25,0.0,0.42105263157894735,0.8,1.0,0.25,0.0
366,6,5,0,0,7,2,4,0,17,7,0.35294117647058826,0.0,0.4117647058823529,0.23529411764705882,0.7142857142857143,0.0,0.2857142857142857,0.0,0.4117647058823529,0.8333333333333334,0.0,0.2857142857142857,0.0
367,8,7,0,0,9,3,2,0,19,10,0.42105263157894735,0.0,0.47368421052631576,0.10526315789473684,0.7,0.0,0.3,0.0,0.5263157894736842,0.875,0.0,0.3333333333333333,0.0
368,5,5,3,3,6,3,4,0,18,11,0.2777777777777778,0.16666666666666666,0.3333333333333333,0.2222222222222222,0.45454545454545453,0.2727272727272727,0.2727272727272727,0.0,0.6111111111111112,1.0,1.0,0.5,0.0
369,3,2,3,3,11,1,5,0,22,6,0.13636363636363635,0.13636363636363635,0.5,0.22727272727272727,0.3333333333333333,0.5,0.16666666666666666,0.0,0.2727272727272727,0.6666666666666666,1.0,0.09090909090909091,0.0
370,10,8,0,0,7,2,5,0,22,10,0.45454545454545453,0.0,0.3181818181818182,0.22727272727272727,0.8,0.0,0.2,0.0,0.45454545454545453,0.8,0.0,0.2857142857142857,0.0
371,6,5,1,1,6,2,5,0,18,8,0.3333333333333333,0.05555555555555555,0.3333333333333333,0.2777777777777778,0.625,0.125,0.25,0.0,0.4444444444444444,0.8333333333333334,1.0,0.3333333333333333,0.0
372,6,6,1,1,8,4,3,0,18,11,0.3333333333333333,0.05555555555555555,0.4444444444444444,0.16666666666666666,0.5454545454545454,0.09090909090909091,0.36363636363636365,0.0,0.6111111111111112,1.0,1.0,0.5,0.0
373,3,3,0,0,9,2,5,0,17,5,0.17647058823529413,0.0,0.5294117647058824,0.29411764705882354,0.6,0.0,0.4,0.0,0.29411764705882354,1.0,0.0,0.2222222222222222,0.0
374,8,6,2,2,2,0,4,0,16,8,0.5,0.125,0.125,0.25,0.75,0.25,0.0,0.0,0.5,0.75,1.0,0.0,0.0
375,8,7,0,0,5,1,0,0,13,8,0.6153846153846154,0.0,0.38461538461538464,0.0,0.875,0.0,0.125,0.0,0.6153846153846154,0.875,0.0,0.2,0.0
376,5,5,3,3,4,2,8,0,20,10,0.25,0.15,0.2,0.4,0.5,0.3,0.2,0.0,0.5,1.0,1.0,0.5,0.0
377,3,3,0,0,7,1,5,0,15,4,0.2,0.0,0.4666666666666667,0.3333333333333333,0.75,0.0,0.25,0.0,0.26666666666666666,1.0,0.0,0.14285714285714285,0.0
378,4,3,1,1,7,2,3,0,15,6,0.26666666666666666,0.06666666666666667,0.4666666666666667,0.2,0.5,0.16666666666666666,0.3333333333333333,0.0,0.4,0.75,1.0,0.2857142857142857,0.0
379,6,5,1,1,7,3,1,0,15,9,0.4,0.06666666666666667,0.4666666666666667,0.06666666666666667,0.5555555555555556,0.1111111111111111,0.3333333333333333,0.0,0.6,0.8333333333333334,1.0,0.42857142857142855,0.0
380,5,4,0,0,6,1,6,0,17,5,0.29411764705882354,0.0,0.35294117647058826,0.35294117647058826,0.8,0.0,0.2,0.0,0.29411764705882354,0.8,0.0,0.16666666666666666,0.0
381,5,5,1,1,10,2,3,0,19,8,0.2631578947368421,0.05263157894736842,0.5263157894736842,0.15789473684210525,0.625,0.125,0.25,0.0,0.42105263157894735,1.0,1.0,0.2,0.0
382,10,8,1,1,10,2,4,0,25,11,0.4,0.04,0.4,0.16,0.7272727272727273,0.09090909090909091,0.18181818181818182,0.0,0.44,0.8,1.0,0.2,0.0
383,11,9,1,1,6,2,4,0,22,12,0.5,0.045454545454545456,0.2727272727272727,0.18181818181818182,0.75,0.08333333333333333,0.16666666666666666,0.0,0.5454545454545454,0.8181818181818182,1.0,0.3333333333333333,0.0
384,3,1,1,1,10,3,1,0,15,5,0.2,0.06666666666666667,0.6666666666666666,0.06666666666666667,0.2,0.2,0.6,0.0,0.3333333333333333,0.3333333333333333,1.0,0.3,0.0
385,5,2,0,0,7,2,5,0,17,4,0.29411764705882354,0.0,0.4117647058823529,0.29411764705882354,0.5,0.0,0.5,0.0,0.23529411764705882,0.4,0.0,0.2857142857142857,0.0
386,3,3,1,1,12,3,2,0,18,7,0.16666666666666666,0.05555555555555555,0.6666666666666666,0.1111111111111111,0.42857142857142855,0.14285714285714285,0.42857142857142855,0.0,0.3888888888888889,1.0,1.0,0.25,0.0
387,4,4,0,0,7,0,3,0,14,4,0.2857142857142857,0.0,0.5,0.21428571428571427,1.0,0.0,0.0,0.0,0.2857142857142857,1.0,0.0,0.0,0.0
388,4,3,0,0,8,1,4,0,16,4,0.25,0.0,0.5,0.25,0.75,0.0,0.25,0.0,0.25,0.75,0.0,0.125,0.0
389,7,7,3,3,7,3,6,0,23,13,0.30434782608695654,0.13043478260869565,0.30434782608695654,0.2608695652173913,0.5384615384615384,0.23076923076923078,0.23076923076923078,0.0,0.5652173913043478,1.0,1.0,0.42857142857142855,0.0
390,7,7,1,1,10,2,4,0,22,10,0.3181818181818182,0.045454545454545456,0.45454545454545453,0.18181818181818182,0.7,0.1,0.2,0.0,0.45454545454545453,1.0,1.0,0.2,0.0
391,10,10,3,3,11,2,4,0,28,15,0.35714285714285715,0.10714285714285714,0.39285714285714285,0.14285714285714285,0.6666666666666666,0.2,0.13333333333333333,0.0,0.5357142857142857,1.0,1.0,0.18181818181818182,0.0
392,4,3,0,0,7,0,8,0,19,3,0.21052631578947367,0.0,0.3684210526315789,0.42105263157894735,1.0,0.0,0.0,0.0,0.15789473684210525,0.75,0.0,0.0,0.0
393,6,6,1,1,4,2,2,0,13,9,0.46153846153846156,0.07692307692307693,0.3076923076923077,0.15384615384615385,0.6666666666666666,0.1111111111111111,0.2222222222222222,0.0,0.6923076923076923,1.0,1.0,0.5,0.0
394,5,4,0,0,8,0,2,0,15,4,0.3333333333333333,0.0,0.5333333333333333,0.13333333333333333,1.0,0.0,0.0,0.0,0.26666666666666666,0.8,0.0,0.0,0.0
395,4,4,1,1,8,1,5,0,18,6,0.2222222222222222,0.05555555555555555,0.4444444444444444,0.2777777777777778,0.6666666666666666,0.16666666666666666,0.16666666666666666,0.0,0.3333333333333333,1.0,1.0,0.125,0.0
396,9,8,1,1,6,1,4,0,20,10,0.45,0.05,0.3,0.2,0.8,0.1,0.1,0.0,0.5,0.8888888888888888,1.0,0.16666666666666666,0.0
397,7,6,5,5,10,0,3,0,25,11,0.28,0.2,0.4,0.12,0.5454545454545454,0.45454545454545453,0.0,0.0,0.44,0.8571428571428571,1.0,0.0,0.0
398,5,5,2,2,7,2,6,0,20,9,0.25,0.1,0.35,0.3,0.5555555555555556,0.2222222222222222,0.2222222222222222,0.0,0.45,1.0,1.0,0.2857142857142857,0.0
399,6,5,1,1,7,3,4,0,18,9,0.3333333333333333,0.05555555555555555,0.3888888888888889,0.2222222222222222,0.5555555555555556,0.1111111111111111,0.3333333333333333,0.0,0.5,0.8333333333333334,1.0,0.42857142857142855,0.0
